<GDAL_WMS>

<Service name="TMS">
	<ServerUrl>http://mt.google.com/vt/lyrs=m&amp;x=${x}&amp;y=${y}&amp;z=${z}</ServerUrl><!-- Map -->

	<!-- <ServerUrl>http://mt.google.com/vt/lyrs=s&amp;x=${x}&amp;y=${y}&amp;z=${z}</ServerUrl> --><!-- Satellite -->
	<!-- <ServerUrl>http://mt.google.com/vt/lyrs=y&amp;x=${x}&amp;y=${y}&amp;z=${z}</ServerUrl> --><!-- Hybrid -->
	<!-- <ServerUrl>http://mt.google.com/vt/lyrs=t&amp;x=${x}&amp;y=${y}&amp;z=${z}</ServerUrl> --><!-- Terrain -->
	<!-- <ServerUrl>http://mt.google.com/vt/lyrs=p&amp;x=${x}&amp;y=${y}&amp;z=${z}</ServerUrl> --><!-- Terrain, Streets and Water  -->
</Service>

<DataWindow>
	<UpperLeftX>-20037508.34</UpperLeftX>
	<UpperLeftY>20037508.34</UpperLeftY>
	<LowerRightX>20037508.34</LowerRightX>
	<LowerRightY>-20037508.34</LowerRightY>
	<TileLevel>20</TileLevel>
	<TileCountX>1</TileCountX>
	<TileCountY>1</TileCountY>
	<YOrigin>top</YOrigin>
</DataWindow>
<Projection>EPSG:3857</Projection>
<BlockSizeX>256</BlockSizeX>
<BlockSizeY>256</BlockSizeY>
<BandsCount>3</BandsCount>
<MaxConnections>5</MaxConnections>
<Cache/>
</GDAL_WMS>